"filename", "language", "TypeScript JSX", "TypeScript", "PostCSS", "comment", "blank", "total"
"c:\Users\solsk\Desktop\Martin\Kode\terrassemarkise_ssg\app\_ressurser-dashboard\__dash-page.tsx", "TypeScript JSX", -155, 0, 0, -9, -8, -172
"c:\Users\solsk\Desktop\Martin\Kode\terrassemarkise_ssg\app\_ressurser-dashboard\artikler\[slug]\page.tsx", "TypeScript JSX", -104, 0, 0, -5, -14, -123
"c:\Users\solsk\Desktop\Martin\Kode\terrassemarkise_ssg\app\_ressurser-dashboard\artikler\client.page.tsx", "TypeScript JSX", -165, 0, 0, -10, -16, -191
"c:\Users\solsk\Desktop\Martin\Kode\terrassemarkise_ssg\app\_ressurser-dashboard\artikler\page.tsx", "TypeScript JSX", -14, 0, 0, 0, -2, -16
"c:\Users\solsk\Desktop\Martin\Kode\terrassemarkise_ssg\app\_ressurser-dashboard\client.page.tsx", "TypeScript JSX", -68, 0, 0, -1, -12, -81
"c:\Users\solsk\Desktop\Martin\Kode\terrassemarkise_ssg\app\_ressurser-dashboard\guider\page.tsx", "TypeScript JSX", -55, 0, 0, 0, -3, -58
"c:\Users\solsk\Desktop\Martin\Kode\terrassemarkise_ssg\app\_ressurser-dashboard\layout.tsx", "TypeScript JSX", -18, 0, 0, 0, -3, -21
"c:\Users\solsk\Desktop\Martin\Kode\terrassemarkise_ssg\app\_ressurser-dashboard\page.tsx", "TypeScript JSX", -13, 0, 0, -2, -4, -19
"c:\Users\solsk\Desktop\Martin\Kode\terrassemarkise_ssg\app\_ressurser-dashboard\verktoy\befaringsveileder\page.tsx", "TypeScript JSX", -10, 0, 0, -1, -2, -13
"c:\Users\solsk\Desktop\Martin\Kode\terrassemarkise_ssg\app\_ressurser-dashboard\verktoy\page.tsx", "TypeScript JSX", -132, 0, 0, -13, -19, -164
"c:\Users\solsk\Desktop\Martin\Kode\terrassemarkise_ssg\app\_ressurser-dashboard\videoer\client.page.tsx", "TypeScript JSX", -158, 0, 0, -10, -16, -184
"c:\Users\solsk\Desktop\Martin\Kode\terrassemarkise_ssg\app\_ressurser-dashboard\videoer\page.tsx", "TypeScript JSX", -14, 0, 0, 0, -2, -16
"c:\Users\solsk\Desktop\Martin\Kode\terrassemarkise_ssg\app\corsica\page.tsx", "TypeScript JSX", -5, 0, 0, 0, -2, -7
"c:\Users\solsk\Desktop\Martin\Kode\terrassemarkise_ssg\app\global-error.tsx", "TypeScript JSX", -40, 0, 0, -1, -3, -44
"c:\Users\solsk\Desktop\Martin\Kode\terrassemarkise_ssg\app\globals.css", "PostCSS", 0, 0, -249, -13, -24, -286
"c:\Users\solsk\Desktop\Martin\Kode\terrassemarkise_ssg\app\jamaica\page.tsx", "TypeScript JSX", -5, 0, 0, 0, -2, -7
"c:\Users\solsk\Desktop\Martin\Kode\terrassemarkise_ssg\app\juridisk\[slug]\page.tsx", "TypeScript JSX", -103, 0, 0, -6, -14, -123
"c:\Users\solsk\Desktop\Martin\Kode\terrassemarkise_ssg\app\juridisk\page.tsx", "TypeScript JSX", -67, 0, 0, -2, -4, -73
"c:\Users\solsk\Desktop\Martin\Kode\terrassemarkise_ssg\app\kontaktoss\layout.tsx", "TypeScript JSX", -3, 0, 0, 0, -1, -4
"c:\Users\solsk\Desktop\Martin\Kode\terrassemarkise_ssg\app\kontaktoss\page.tsx", "TypeScript JSX", -414, 0, 0, -6, -21, -441
"c:\Users\solsk\Desktop\Martin\Kode\terrassemarkise_ssg\app\layout.tsx", "TypeScript JSX", -32, 0, 0, 0, -4, -36
"c:\Users\solsk\Desktop\Martin\Kode\terrassemarkise_ssg\app\not-found.tsx", "TypeScript JSX", -17, 0, 0, 0, -2, -19
"c:\Users\solsk\Desktop\Martin\Kode\terrassemarkise_ssg\app\om-oss\layout.tsx", "TypeScript JSX", -3, 0, 0, 0, -1, -4
"c:\Users\solsk\Desktop\Martin\Kode\terrassemarkise_ssg\app\om-oss\page.tsx", "TypeScript JSX", -439, 0, 0, -11, -23, -473
"c:\Users\solsk\Desktop\Martin\Kode\terrassemarkise_ssg\app\page.tsx", "TypeScript JSX", -575, 0, 0, -9, -30, -614
"c:\Users\solsk\Desktop\Martin\Kode\terrassemarkise_ssg\app\palladio\page.tsx", "TypeScript JSX", -5, 0, 0, 0, -2, -7
"c:\Users\solsk\Desktop\Martin\Kode\terrassemarkise_ssg\app\produkter\[slug]\page.tsx", "TypeScript JSX", -23, 0, 0, 0, -5, -28
"c:\Users\solsk\Desktop\Martin\Kode\terrassemarkise_ssg\app\produkter\client.page.tsx", "TypeScript JSX", -140, 0, 0, -1, -7, -148
"c:\Users\solsk\Desktop\Martin\Kode\terrassemarkise_ssg\app\produkter\page.tsx", "TypeScript JSX", -6, 0, 0, 0, -2, -8
"c:\Users\solsk\Desktop\Martin\Kode\terrassemarkise_ssg\app\produkter\terrassemarkiser\[slug]\page.tsx", "TypeScript JSX", -215, 0, 0, -11, -16, -242
"c:\Users\solsk\Desktop\Martin\Kode\terrassemarkise_ssg\app\produkter\terrassemarkiser\client.page.tsx", "TypeScript JSX", -146, 0, 0, -1, -7, -154
"c:\Users\solsk\Desktop\Martin\Kode\terrassemarkise_ssg\app\produkter\terrassemarkiser\duk-og-farger\page.tsx", "TypeScript JSX", -105, 0, 0, -1, -8, -114
"c:\Users\solsk\Desktop\Martin\Kode\terrassemarkise_ssg\app\produkter\terrassemarkiser\page.tsx", "TypeScript JSX", -6, 0, 0, 0, -2, -8
"c:\Users\solsk\Desktop\Martin\Kode\terrassemarkise_ssg\app\produkter\terrassemarkiser\tilbehor\motorisering\page.tsx", "TypeScript JSX", -105, 0, 0, -1, -8, -114
"c:\Users\solsk\Desktop\Martin\Kode\terrassemarkise_ssg\app\produkter\terrassemarkiser\tilbehor\page.tsx", "TypeScript JSX", -106, 0, 0, -1, -9, -116
"c:\Users\solsk\Desktop\Martin\Kode\terrassemarkise_ssg\app\produkter\terrassemarkiser\tilbehor\vindsensorer\page.tsx", "TypeScript JSX", -105, 0, 0, -1, -8, -114
"c:\Users\solsk\Desktop\Martin\Kode\terrassemarkise_ssg\app\ressurser\artikler\[slug]\page.tsx", "TypeScript JSX", -134, 0, 0, -6, -16, -156
"c:\Users\solsk\Desktop\Martin\Kode\terrassemarkise_ssg\app\ressurser\page.client.tsx", "TypeScript JSX", -85, 0, 0, -1, -12, -98
"c:\Users\solsk\Desktop\Martin\Kode\terrassemarkise_ssg\app\ressurser\page.tsx", "TypeScript JSX", -13, 0, 0, 0, -4, -17
"c:\Users\solsk\Desktop\Martin\Kode\terrassemarkise_ssg\app\test\hero1.tsx", "TypeScript JSX", -66, 0, 0, -6, -7, -79
"c:\Users\solsk\Desktop\Martin\Kode\terrassemarkise_ssg\app\test\installation.tsx", "TypeScript JSX", -89, 0, 0, -2, -5, -96
"c:\Users\solsk\Desktop\Martin\Kode\terrassemarkise_ssg\app\test\page.tsx", "TypeScript JSX", -84, 0, 0, -1, -8, -93
"c:\Users\solsk\Desktop\Martin\Kode\terrassemarkise_ssg\app\test\testimonials.tsx", "TypeScript JSX", -99, 0, 0, -4, -6, -109
"c:\Users\solsk\Desktop\Martin\Kode\terrassemarkise_ssg\app\test\tst.tsx", "TypeScript JSX", -426, 0, 0, -12, -21, -459
"c:\Users\solsk\Desktop\Martin\Kode\terrassemarkise_ssg\app\test\vp.tsx", "TypeScript JSX", -96, 0, 0, -1, -4, -101
"c:\Users\solsk\Desktop\Martin\Kode\terrassemarkise_ssg\components\__deprecated\veiledning.page.tsx", "TypeScript JSX", 141, 0, 0, 6, 11, 158
"c:\Users\solsk\Desktop\Martin\Kode\terrassemarkise_ssg\components\analytics.tsx", "TypeScript JSX", 132, 0, 0, 9, 18, 159
"c:\Users\solsk\Desktop\Martin\Kode\terrassemarkise_ssg\components\articles\article-card.tsx", "TypeScript JSX", 48, 0, 0, 0, 4, 52
"c:\Users\solsk\Desktop\Martin\Kode\terrassemarkise_ssg\components\articles\article-list.tsx", "TypeScript JSX", 352, 0, 0, 19, 25, 396
"c:\Users\solsk\Desktop\Martin\Kode\terrassemarkise_ssg\components\articles\articles-hero.tsx", "TypeScript JSX", 37, 0, 0, 1, 4, 42
"c:\Users\solsk\Desktop\Martin\Kode\terrassemarkise_ssg\components\breadcrumbs.tsx", "TypeScript JSX", 59, 0, 0, 14, 4, 77
"c:\Users\solsk\Desktop\Martin\Kode\terrassemarkise_ssg\components\comparison-table\cell-tooltip.tsx", "TypeScript JSX", 29, 0, 0, 0, 5, 34
"c:\Users\solsk\Desktop\Martin\Kode\terrassemarkise_ssg\components\comparison-table\desktop.tsx", "TypeScript JSX", 146, 0, 0, 3, 12, 161
"c:\Users\solsk\Desktop\Martin\Kode\terrassemarkise_ssg\components\comparison-table\mobile.tsx", "TypeScript JSX", 114, 0, 0, 3, 12, 129
"c:\Users\solsk\Desktop\Martin\Kode\terrassemarkise_ssg\components\comparison-table\table.tsx", "TypeScript JSX", 29, 0, 0, 1, 5, 35
"c:\Users\solsk\Desktop\Martin\Kode\terrassemarkise_ssg\components\composable-form.tsx", "TypeScript JSX", 353, 0, 0, 50, 39, 442
"c:\Users\solsk\Desktop\Martin\Kode\terrassemarkise_ssg\components\contact-form.tsx", "TypeScript JSX", 178, 0, 0, 1, 18, 197
"c:\Users\solsk\Desktop\Martin\Kode\terrassemarkise_ssg\components\cookie-banner.tsx", "TypeScript JSX", 113, 0, 0, 6, 18, 137
"c:\Users\solsk\Desktop\Martin\Kode\terrassemarkise_ssg\components\counter-animation.tsx", "TypeScript JSX", 61, 0, 0, 15, 15, 91
"c:\Users\solsk\Desktop\Martin\Kode\terrassemarkise_ssg\components\error-boundary.tsx", "TypeScript JSX", 47, 0, 0, 1, 10, 58
"c:\Users\solsk\Desktop\Martin\Kode\terrassemarkise_ssg\components\error-display.tsx", "TypeScript JSX", 215, 0, 0, 8, 23, 246
"c:\Users\solsk\Desktop\Martin\Kode\terrassemarkise_ssg\components\gallery\balanced.tsx", "TypeScript JSX", 114, 0, 0, 0, 13, 127
"c:\Users\solsk\Desktop\Martin\Kode\terrassemarkise_ssg\components\gallery\bento.tsx", "TypeScript JSX", 59, 0, 0, 0, 10, 69
"c:\Users\solsk\Desktop\Martin\Kode\terrassemarkise_ssg\components\gallery\compact.tsx", "TypeScript JSX", 36, 0, 0, 0, 3, 39
"c:\Users\solsk\Desktop\Martin\Kode\terrassemarkise_ssg\components\gallery\gallery.tsx", "TypeScript JSX", 81, 0, 0, 4, 10, 95
"c:\Users\solsk\Desktop\Martin\Kode\terrassemarkise_ssg\components\gallery\image-card.tsx", "TypeScript JSX", 53, 0, 0, 0, 6, 59
"c:\Users\solsk\Desktop\Martin\Kode\terrassemarkise_ssg\components\gallery\masonry.tsx", "TypeScript JSX", 52, 0, 0, 1, 5, 58
"c:\Users\solsk\Desktop\Martin\Kode\terrassemarkise_ssg\components\gallery\panorama.tsx", "TypeScript JSX", 73, 0, 0, 0, 12, 85
"c:\Users\solsk\Desktop\Martin\Kode\terrassemarkise_ssg\components\home\benefits-section.tsx", "TypeScript JSX", 85, 0, 0, 2, 6, 93
"c:\Users\solsk\Desktop\Martin\Kode\terrassemarkise_ssg\components\home\testimonials.tsx", "TypeScript JSX", 66, 0, 0, 7, 8, 81
"c:\Users\solsk\Desktop\Martin\Kode\terrassemarkise_ssg\components\home\trust-section.tsx", "TypeScript JSX", 118, 0, 0, 0, 7, 125
"c:\Users\solsk\Desktop\Martin\Kode\terrassemarkise_ssg\components\layout\Footer.tsx", "TypeScript JSX", 130, 0, 0, 5, 7, 142
"c:\Users\solsk\Desktop\Martin\Kode\terrassemarkise_ssg\components\layout\Header.tsx", "TypeScript JSX", 325, 0, 0, 10, 26, 361
"c:\Users\solsk\Desktop\Martin\Kode\terrassemarkise_ssg\components\layout\index.tsx", "TypeScript JSX", 43, 0, 0, 0, 7, 50
"c:\Users\solsk\Desktop\Martin\Kode\terrassemarkise_ssg\components\lightbox.tsx", "TypeScript JSX", 85, 0, 0, 6, 11, 102
"c:\Users\solsk\Desktop\Martin\Kode\terrassemarkise_ssg\components\markdown\md-cta.tsx", "TypeScript JSX", 341, 0, 0, 15, 20, 376
"c:\Users\solsk\Desktop\Martin\Kode\terrassemarkise_ssg\components\markdown\md-header.tsx", "TypeScript JSX", 134, 0, 0, 47, 17, 198
"c:\Users\solsk\Desktop\Martin\Kode\terrassemarkise_ssg\components\markdown\md-image.tsx", "TypeScript JSX", 122, 0, 0, 5, 14, 141
"c:\Users\solsk\Desktop\Martin\Kode\terrassemarkise_ssg\components\markdown\md-navigation.tsx", "TypeScript JSX", 106, 0, 0, 2, 9, 117
"c:\Users\solsk\Desktop\Martin\Kode\terrassemarkise_ssg\components\markdown\md-renderer-with-toc.tsx", "TypeScript JSX", 248, 0, 0, 3, 24, 275
"c:\Users\solsk\Desktop\Martin\Kode\terrassemarkise_ssg\components\markdown\md-renderer.tsx", "TypeScript JSX", 521, 0, 0, 53, 41, 615
"c:\Users\solsk\Desktop\Martin\Kode\terrassemarkise_ssg\components\markdown\md-table.tsx", "TypeScript JSX", 19, 0, 0, 0, 5, 24
"c:\Users\solsk\Desktop\Martin\Kode\terrassemarkise_ssg\components\markdown\remark-directives.ts", "TypeScript", 0, 44, 0, 46, 7, 97
"c:\Users\solsk\Desktop\Martin\Kode\terrassemarkise_ssg\components\markdown\table-of-contents.tsx", "TypeScript JSX", 163, 0, 0, 0, 16, 179
"c:\Users\solsk\Desktop\Martin\Kode\terrassemarkise_ssg\components\markdown\types.ts", "TypeScript", 0, 45, 0, 23, 21, 89
"c:\Users\solsk\Desktop\Martin\Kode\terrassemarkise_ssg\components\markdown\utils.ts", "TypeScript", 0, 149, 0, 42, 38, 229
"c:\Users\solsk\Desktop\Martin\Kode\terrassemarkise_ssg\components\pages\index\_protection.tsx", "TypeScript JSX", 40, 0, 0, 3, 6, 49
"c:\Users\solsk\Desktop\Martin\Kode\terrassemarkise_ssg\components\pages\index\hero.tsx", "TypeScript JSX", 48, 0, 0, 0, 4, 52
"c:\Users\solsk\Desktop\Martin\Kode\terrassemarkise_ssg\components\pages\index\solutions.tsx", "TypeScript JSX", 282, 0, 0, 31, 26, 339
"c:\Users\solsk\Desktop\Martin\Kode\terrassemarkise_ssg\components\pages\resources\layout-shell.tsx", "TypeScript JSX", 54, 0, 0, 4, 8, 66
"c:\Users\solsk\Desktop\Martin\Kode\terrassemarkise_ssg\components\pages\resources\overview.tsx", "TypeScript JSX", 0, 0, 0, 0, 1, 1
"c:\Users\solsk\Desktop\Martin\Kode\terrassemarkise_ssg\components\pages\resources\sidebar\groups.tsx", "TypeScript JSX", 365, 0, 0, 23, 39, 427
"c:\Users\solsk\Desktop\Martin\Kode\terrassemarkise_ssg\components\pages\resources\sidebar\index.tsx", "TypeScript JSX", 169, 0, 0, 8, 15, 192
"c:\Users\solsk\Desktop\Martin\Kode\terrassemarkise_ssg\components\pages\resources\sidebar\skeleton.tsx", "TypeScript JSX", 107, 0, 0, 39, 19, 165
"c:\Users\solsk\Desktop\Martin\Kode\terrassemarkise_ssg\components\pages\resources\tools\befaringsveileder.tsx", "TypeScript JSX", 667, 0, 0, 31, 45, 743
"c:\Users\solsk\Desktop\Martin\Kode\terrassemarkise_ssg\components\pages\resources\top-bar.tsx", "TypeScript JSX", 237, 0, 0, 22, 37, 296
"c:\Users\solsk\Desktop\Martin\Kode\terrassemarkise_ssg\components\pages\resources\views\articles.tsx", "TypeScript JSX", 0, 0, 0, 0, 1, 1
"c:\Users\solsk\Desktop\Martin\Kode\terrassemarkise_ssg\components\pages\resources\views\overview.tsx", "TypeScript JSX", 447, 0, 0, 37, 36, 520
"c:\Users\solsk\Desktop\Martin\Kode\terrassemarkise_ssg\components\pages\resources\views\tools.tsx", "TypeScript JSX", 0, 0, 0, 0, 1, 1
"c:\Users\solsk\Desktop\Martin\Kode\terrassemarkise_ssg\components\pages\resources\views\videos.tsx", "TypeScript JSX", 0, 0, 0, 0, 1, 1
"c:\Users\solsk\Desktop\Martin\Kode\terrassemarkise_ssg\components\products\product-comparison.tsx", "TypeScript JSX", 314, 0, 0, 8, 22, 344
"c:\Users\solsk\Desktop\Martin\Kode\terrassemarkise_ssg\components\products\product-showcase.tsx", "TypeScript JSX", 119, 0, 0, 5, 7, 131
"c:\Users\solsk\Desktop\Martin\Kode\terrassemarkise_ssg\components\resource-blog\blog-card.tsx", "TypeScript JSX", 54, 0, 0, 0, 5, 59
"c:\Users\solsk\Desktop\Martin\Kode\terrassemarkise_ssg\components\resource-blog\blog-hero.tsx", "TypeScript JSX", 56, 0, 0, 1, 8, 65
"c:\Users\solsk\Desktop\Martin\Kode\terrassemarkise_ssg\components\resource-blog\categories-filter.tsx", "TypeScript JSX", 43, 0, 0, 1, 5, 49
"c:\Users\solsk\Desktop\Martin\Kode\terrassemarkise_ssg\components\review.tsx", "TypeScript JSX", 252, 0, 0, 1, 22, 275
"c:\Users\solsk\Desktop\Martin\Kode\terrassemarkise_ssg\components\shared\carousel.tsx", "TypeScript JSX", 249, 0, 0, 20, 31, 300
"c:\Users\solsk\Desktop\Martin\Kode\terrassemarkise_ssg\components\shared\contact-cta.tsx", "TypeScript JSX", 54, 0, 0, 2, 6, 62
"c:\Users\solsk\Desktop\Martin\Kode\terrassemarkise_ssg\components\shared\cta.tsx", "TypeScript JSX", 88, 0, 0, 4, 7, 99
"c:\Users\solsk\Desktop\Martin\Kode\terrassemarkise_ssg\components\shared\faq-section.tsx", "TypeScript JSX", 84, 0, 0, 0, 3, 87
"c:\Users\solsk\Desktop\Martin\Kode\terrassemarkise_ssg\components\shared\image-modal.tsx", "TypeScript JSX", 127, 0, 0, 9, 13, 149
"c:\Users\solsk\Desktop\Martin\Kode\terrassemarkise_ssg\components\shared\page-header.tsx", "TypeScript JSX", 201, 0, 0, 54, 10, 265
"c:\Users\solsk\Desktop\Martin\Kode\terrassemarkise_ssg\components\shared\product-gallery.tsx", "TypeScript JSX", 252, 0, 0, 18, 25, 295
"c:\Users\solsk\Desktop\Martin\Kode\terrassemarkise_ssg\components\soft-staging-lock.tsx", "TypeScript JSX", 90, 0, 0, 0, 12, 102
"c:\Users\solsk\Desktop\Martin\Kode\terrassemarkise_ssg\components\spec-list.tsx", "TypeScript JSX", 54, 0, 0, 0, 4, 58
"c:\Users\solsk\Desktop\Martin\Kode\terrassemarkise_ssg\components\step-by-step-guide.tsx", "TypeScript JSX", 296, 0, 0, 18, 30, 344
"c:\Users\solsk\Desktop\Martin\Kode\terrassemarkise_ssg\components\theme-toggle.tsx", "TypeScript JSX", 299, 0, 0, 3, 18, 320
"c:\Users\solsk\Desktop\Martin\Kode\terrassemarkise_ssg\components\ui\accordion.tsx", "TypeScript JSX", 80, 0, 0, 0, 8, 88
"c:\Users\solsk\Desktop\Martin\Kode\terrassemarkise_ssg\components\ui\alert-dialog.tsx", "TypeScript JSX", 169, 0, 0, 0, 16, 185
"c:\Users\solsk\Desktop\Martin\Kode\terrassemarkise_ssg\components\ui\avatar.tsx", "TypeScript JSX", 100, 0, 0, 0, 10, 110
"c:\Users\solsk\Desktop\Martin\Kode\terrassemarkise_ssg\components\ui\badge.tsx", "TypeScript JSX", 40, 0, 0, 0, 6, 46
"c:\Users\solsk\Desktop\Martin\Kode\terrassemarkise_ssg\components\ui\breadcrumb.tsx", "TypeScript JSX", 42, 0, 0, 0, 4, 46
"c:\Users\solsk\Desktop\Martin\Kode\terrassemarkise_ssg\components\ui\button.tsx", "TypeScript JSX", 60, 0, 0, 0, 6, 66
"c:\Users\solsk\Desktop\Martin\Kode\terrassemarkise_ssg\components\ui\card.tsx", "TypeScript JSX", 85, 0, 0, 0, 10, 95
"c:\Users\solsk\Desktop\Martin\Kode\terrassemarkise_ssg\components\ui\checkbox.tsx", "TypeScript JSX", 29, 0, 0, 0, 5, 34
"c:\Users\solsk\Desktop\Martin\Kode\terrassemarkise_ssg\components\ui\collapsible.tsx", "TypeScript JSX", 28, 0, 0, 0, 6, 34
"c:\Users\solsk\Desktop\Martin\Kode\terrassemarkise_ssg\components\ui\combobox.tsx", "TypeScript JSX", 274, 0, 0, 0, 21, 295
"c:\Users\solsk\Desktop\Martin\Kode\terrassemarkise_ssg\components\ui\container.tsx", "TypeScript JSX", 257, 0, 0, 72, 38, 367
"c:\Users\solsk\Desktop\Martin\Kode\terrassemarkise_ssg\components\ui\content-lockup.tsx", "TypeScript JSX", 207, 0, 0, 1, 16, 224
"c:\Users\solsk\Desktop\Martin\Kode\terrassemarkise_ssg\components\ui\crease.tsx", "TypeScript JSX", 138, 0, 0, 18, 20, 176
"c:\Users\solsk\Desktop\Martin\Kode\terrassemarkise_ssg\components\ui\dialog.tsx", "TypeScript JSX", 142, 0, 0, 0, 14, 156
"c:\Users\solsk\Desktop\Martin\Kode\terrassemarkise_ssg\components\ui\dropdown-menu.tsx", "TypeScript JSX", 237, 0, 0, 0, 19, 256
"c:\Users\solsk\Desktop\Martin\Kode\terrassemarkise_ssg\components\ui\eyebrow.tsx", "TypeScript JSX", 53, 0, 0, 0, 5, 58
"c:\Users\solsk\Desktop\Martin\Kode\terrassemarkise_ssg\components\ui\field.tsx", "TypeScript JSX", 207, 0, 0, 0, 21, 228
"c:\Users\solsk\Desktop\Martin\Kode\terrassemarkise_ssg\components\ui\fire-icon.tsx", "TypeScript JSX", 30, 0, 0, 0, 3, 33
"c:\Users\solsk\Desktop\Martin\Kode\terrassemarkise_ssg\components\ui\grid.tsx", "TypeScript JSX", 330, 0, 0, 21, 41, 392
"c:\Users\solsk\Desktop\Martin\Kode\terrassemarkise_ssg\components\ui\image-placeholder.tsx", "TypeScript JSX", 23, 0, 0, 0, 2, 25
"c:\Users\solsk\Desktop\Martin\Kode\terrassemarkise_ssg\components\ui\input-group.tsx", "TypeScript JSX", 136, 0, 0, 0, 12, 148
"c:\Users\solsk\Desktop\Martin\Kode\terrassemarkise_ssg\components\ui\input.tsx", "TypeScript JSX", 16, 0, 0, 0, 4, 20
"c:\Users\solsk\Desktop\Martin\Kode\terrassemarkise_ssg\components\ui\kbd.tsx", "TypeScript JSX", 23, 0, 0, 0, 4, 27
"c:\Users\solsk\Desktop\Martin\Kode\terrassemarkise_ssg\components\ui\label.tsx", "TypeScript JSX", 20, 0, 0, 0, 5, 25
"c:\Users\solsk\Desktop\Martin\Kode\terrassemarkise_ssg\components\ui\link.tsx", "TypeScript JSX", 28, 0, 0, 0, 3, 31
"c:\Users\solsk\Desktop\Martin\Kode\terrassemarkise_ssg\components\ui\logo.tsx", "TypeScript JSX", 25, 0, 0, 2, 3, 30
"c:\Users\solsk\Desktop\Martin\Kode\terrassemarkise_ssg\components\ui\marquee.tsx", "TypeScript JSX", 102, 0, 0, 1, 3, 106
"c:\Users\solsk\Desktop\Martin\Kode\terrassemarkise_ssg\components\ui\navigation-menu.tsx", "TypeScript JSX", 156, 0, 0, 0, 12, 168
"c:\Users\solsk\Desktop\Martin\Kode\terrassemarkise_ssg\components\ui\pagination.tsx", "TypeScript JSX", 124, 0, 0, 0, 11, 135
"c:\Users\solsk\Desktop\Martin\Kode\terrassemarkise_ssg\components\ui\scroll-area.tsx", "TypeScript JSX", 50, 0, 0, 0, 6, 56
"c:\Users\solsk\Desktop\Martin\Kode\terrassemarkise_ssg\components\ui\scroll-progress.tsx", "TypeScript JSX", 61, 0, 0, 3, 17, 81
"c:\Users\solsk\Desktop\Martin\Kode\terrassemarkise_ssg\components\ui\section.tsx", "TypeScript JSX", 168, 0, 0, 9, 14, 191
"c:\Users\solsk\Desktop\Martin\Kode\terrassemarkise_ssg\components\ui\select.tsx", "TypeScript JSX", 182, 0, 0, 0, 14, 196
"c:\Users\solsk\Desktop\Martin\Kode\terrassemarkise_ssg\components\ui\separator.tsx", "TypeScript JSX", 24, 0, 0, 0, 5, 29
"c:\Users\solsk\Desktop\Martin\Kode\terrassemarkise_ssg\components\ui\sheet.tsx", "TypeScript JSX", 121, 0, 0, 0, 14, 135
"c:\Users\solsk\Desktop\Martin\Kode\terrassemarkise_ssg\components\ui\sidebar.tsx", "TypeScript JSX", 641, 0, 0, 10, 55, 706
"c:\Users\solsk\Desktop\Martin\Kode\terrassemarkise_ssg\components\ui\skeleton.tsx", "TypeScript JSX", 11, 0, 0, 0, 3, 14
"c:\Users\solsk\Desktop\Martin\Kode\terrassemarkise_ssg\components\ui\social-icon.tsx", "TypeScript JSX", 37, 0, 0, 0, 4, 41
"c:\Users\solsk\Desktop\Martin\Kode\terrassemarkise_ssg\components\ui\stack.tsx", "TypeScript JSX", 308, 0, 0, 17, 32, 357
"c:\Users\solsk\Desktop\Martin\Kode\terrassemarkise_ssg\components\ui\switch.tsx", "TypeScript JSX", 29, 0, 0, 0, 5, 34
"c:\Users\solsk\Desktop\Martin\Kode\terrassemarkise_ssg\components\ui\tabs.tsx", "TypeScript JSX", 82, 0, 0, 0, 9, 91
"c:\Users\solsk\Desktop\Martin\Kode\terrassemarkise_ssg\components\ui\textarea.tsx", "TypeScript JSX", 15, 0, 0, 0, 4, 19
"c:\Users\solsk\Desktop\Martin\Kode\terrassemarkise_ssg\components\ui\tooltip.tsx", "TypeScript JSX", 50, 0, 0, 0, 8, 58
"c:\Users\solsk\Desktop\Martin\Kode\terrassemarkise_ssg\components\ui\trust-badge.tsx", "TypeScript JSX", 38, 0, 0, 0, 5, 43
"c:\Users\solsk\Desktop\Martin\Kode\terrassemarkise_ssg\components\ui\typography.tsx", "TypeScript JSX", 237, 0, 0, 14, 16, 267
"Total", "-", 10628, 238, -249, 769, 1183, 12569